Workbook
Name Category: #REF!
Name Transaction: #REF!

Sheet Weekly Habit Tracker
B2: WEEKLY
C4: HABIT TRACKER
O5: ⏰ | P5: GET UP EARLY | AA5: 🍎 | AB5: PREPARE HEALTHY SNACK
C7: ='Helper Data'!D3&" - "&'Helper Data'!D4 -> January 19 - January 25 | O7: Custom -> | R7: Mon, Tue, Wed, Thu, Fri | AA7: Complete Week
V8: =COUNTIF(Q11:W11,"X") -> 2 | W8: =COUNTIF(Q10:W10,"▣") -> 5 | AH8: =COUNTIF(AC11:AI11,"X") -> 2 | AI8: =COUNTIF(AC10:AI10,"▣") -> 7
C9: ="Week #: "&'Helper Data'!C2 -> Week #: 4 | I9: =SUM(V8,AH8,J20,V20,AH20,J32,V32,AH32) -> 7 | J9: =SUM(W8,AI8,K20,W20,AI20,K32,W32,AI32) -> 26 | Q9: M | R9: T | S9: W | T9: T | U9: F | V9: S | W9: S | AC9: M | AD9: T | AE9: W | AF9: T | AG9: F | AH9: S | AI9: S
O10: PLANNED | Q10: =IF(OR(ISNUMBER(SEARCH("Monday", O7)), ISNUMBER(SEARCH("week", O7)), AND(ISNUMBER(SEARCH("custom", O7)), ISNUMBER(SEARCH("Mon", R7)))), "▣", "") -> ▣ | R10: =IF(OR(ISNUMBER(SEARCH("Tuesday", O7)), ISNUMBER(SEARCH("week", O7)), AND(ISNUMBER(SEARCH("custom", O7)), ISNUMBER(SEARCH("Tue", R7)))), "▣", "") -> ▣ | S10: =IF(OR(ISNUMBER(SEARCH("Wednesday", O7)), ISNUMBER(SEARCH("week", O7)), AND(ISNUMBER(SEARCH("custom", O7)), ISNUMBER(SEARCH("Wed", R7)))), "▣", "") -> ▣ | T10: =IF(OR(ISNUMBER(SEARCH("Thursday", O7)), ISNUMBER(SEARCH("week", O7)), AND(ISNUMBER(SEARCH("custom", O7)), ISNUMBER(SEARCH("Thu", R7)))), "▣", "") -> ▣ | U10: =IF(OR(ISNUMBER(SEARCH("Friday", O7)), ISNUMBER(SEARCH("week", O7)), AND(ISNUMBER(SEARCH("custom", O7)), ISNUMBER(SEARCH("Fri", R7)))), "▣", "") -> ▣ | V10: =IF(OR(ISNUMBER(SEARCH("Saturday", O7)), ISNUMBER(SEARCH("week", O7)), AND(ISNUMBER(SEARCH("custom", O7)), ISNUMBER(SEARCH("Sat", R7)))), "▣", "") | W10: =IF(OR(ISNUMBER(SEARCH("Sunday", O7)), ISNUMBER(SEARCH("week", O7)), AND(ISNUMBER(SEARCH("custom", O7)), ISNUMBER(SEARCH("Sun", R7)))), "▣", "") | AA10: PLANNED | AC10: =IF(OR(ISNUMBER(SEARCH("Monday", AA7)), ISNUMBER(SEARCH("week", AA7)), AND(ISNUMBER(SEARCH("custom", AA7)), ISNUMBER(SEARCH("Mon", AD7)))), "▣", "") -> ▣ | AD10: =IF(OR(ISNUMBER(SEARCH("Tuesday", AA7)), ISNUMBER(SEARCH("week", AA7)), AND(ISNUMBER(SEARCH("custom", AA7)), ISNUMBER(SEARCH("Tue", AD7)))), "▣", "") -> ▣ | AE10: =IF(OR(ISNUMBER(SEARCH("Wednesday", AA7)), ISNUMBER(SEARCH("week", AA7)), AND(ISNUMBER(SEARCH("custom", AA7)), ISNUMBER(SEARCH("Wed", AD7)))), "▣", "") -> ▣ | AF10: =IF(OR(ISNUMBER(SEARCH("Thursday", AA7)), ISNUMBER(SEARCH("week", AA7)), AND(ISNUMBER(SEARCH("custom", AA7)), ISNUMBER(SEARCH("Thu", AD7)))), "▣", "") -> ▣ | AG10: =IF(OR(ISNUMBER(SEARCH("Friday", AA7)), ISNUMBER(SEARCH("week", AA7)), AND(ISNUMBER(SEARCH("custom", AA7)), ISNUMBER(SEARCH("Fri", AD7)))), "▣", "") -> ▣ | AH10: =IF(OR(ISNUMBER(SEARCH("Saturday", AA7)), ISNUMBER(SEARCH("week", AA7)), AND(ISNUMBER(SEARCH("custom", AA7)), ISNUMBER(SEARCH("Sat", AD7)))), "▣", "") -> ▣ | AI10: =IF(OR(ISNUMBER(SEARCH("Sunday", AA7)), ISNUMBER(SEARCH("week", AA7)), AND(ISNUMBER(SEARCH("custom", AA7)), ISNUMBER(SEARCH("Sun", AD7)))), "▣", "") -> ▣
C11: WEEKLY PROGRESS: | I11: =IFERROR(I9/J9,0) -> 0.26923077 | O11: COMPLETED | Q11: X | R11: X | AA11: COMPLETED | AC11: X | AD11: X
C13: =I11 -> 0.26923077 | O13: =IF(OFFSET(Q10,0,'Helper Data'!$B$2-1)="▣", IF(OFFSET(Q11,0,'Helper Data'!$B$2-1)="X","✅ Completed Today","❎ Not completed today"), "⚫ Not Assigned Today") -> ✅ Completed Today | T13: =V8&" out of "&W8 -> 2 out of 5 | AA13: =IF(OFFSET(AC10,0,'Helper Data'!$B$2-1)="▣", IF(OFFSET(AC11,0,'Helper Data'!$B$2-1)="X","✅ Completed Today","❎ Not completed today"), "⚫ Not Assigned Today") -> ✅ Completed Today | AF13: =AH8&" out of "&AI8 -> 2 out of 7
C17: 👟 | D17: JOGGING 30 MIN | O17: 🗼 | P17: FRENCH LESSONS | AA17: 🏛️ | AB17: GO TO MUSEUM
C19: Only Monday | O19: Custom -> | R19: Tue, Thu, Sat | AA19: Only Wednesday
J20: =COUNTIF(E23:K23,"X") -> 1 | K20: =COUNTIF(E22:K22,"▣") -> 1 | V20: =COUNTIF(Q23:W23,"X") -> 0 | W20: =COUNTIF(Q22:W22,"▣") -> 3 | AH20: =COUNTIF(AC23:AI23,"X") -> 0 | AI20: =COUNTIF(AC22:AI22,"▣") -> 1
E21: M | F21: T | G21: W | H21: T | I21: F | J21: S | K21: S | Q21: M | R21: T | S21: W | T21: T | U21: F | V21: S | W21: S | AC21: M | AD21: T | AE21: W | AF21: T | AG21: F | AH21: S | AI21: S
C22: PLANNED | E22: =IF(OR(ISNUMBER(SEARCH("Monday", C19)), ISNUMBER(SEARCH("week", C19)), AND(ISNUMBER(SEARCH("custom", C19)), ISNUMBER(SEARCH("Mon", F19)))), "▣", "") -> ▣ | F22: =IF(OR(ISNUMBER(SEARCH("Tuesday", C19)), ISNUMBER(SEARCH("week", C19)), AND(ISNUMBER(SEARCH("custom", C19)), ISNUMBER(SEARCH("Tue", F19)))), "▣", "") | G22: =IF(OR(ISNUMBER(SEARCH("Wednesday", C19)), ISNUMBER(SEARCH("week", C19)), AND(ISNUMBER(SEARCH("custom", C19)), ISNUMBER(SEARCH("Wed", F19)))), "▣", "") | H22: =IF(OR(ISNUMBER(SEARCH("Thursday", C19)), ISNUMBER(SEARCH("week", C19)), AND(ISNUMBER(SEARCH("custom", C19)), ISNUMBER(SEARCH("Thu", F19)))), "▣", "") | I22: =IF(OR(ISNUMBER(SEARCH("Friday", C19)), ISNUMBER(SEARCH("week", C19)), AND(ISNUMBER(SEARCH("custom", C19)), ISNUMBER(SEARCH("Fri", F19)))), "▣", "") | J22: =IF(OR(ISNUMBER(SEARCH("Saturday", C19)), ISNUMBER(SEARCH("week", C19)), AND(ISNUMBER(SEARCH("custom", C19)), ISNUMBER(SEARCH("Sat", F19)))), "▣", "") | K22: =IF(OR(ISNUMBER(SEARCH("Sunday", C19)), ISNUMBER(SEARCH("week", C19)), AND(ISNUMBER(SEARCH("custom", C19)), ISNUMBER(SEARCH("Sun", F19)))), "▣", "") | O22: PLANNED | Q22: =IF(OR(ISNUMBER(SEARCH("Monday", O19)), ISNUMBER(SEARCH("week", O19)), AND(ISNUMBER(SEARCH("custom", O19)), ISNUMBER(SEARCH("Mon", R19)))), "▣", "") | R22: =IF(OR(ISNUMBER(SEARCH("Tuesday", O19)), ISNUMBER(SEARCH("week", O19)), AND(ISNUMBER(SEARCH("custom", O19)), ISNUMBER(SEARCH("Tue", R19)))), "▣", "") -> ▣ | S22: =IF(OR(ISNUMBER(SEARCH("Wednesday", O19)), ISNUMBER(SEARCH("week", O19)), AND(ISNUMBER(SEARCH("custom", O19)), ISNUMBER(SEARCH("Wed", R19)))), "▣", "") | T22: =IF(OR(ISNUMBER(SEARCH("Thursday", O19)), ISNUMBER(SEARCH("week", O19)), AND(ISNUMBER(SEARCH("custom", O19)), ISNUMBER(SEARCH("Thu", R19)))), "▣", "") -> ▣ | U22: =IF(OR(ISNUMBER(SEARCH("Friday", O19)), ISNUMBER(SEARCH("week", O19)), AND(ISNUMBER(SEARCH("custom", O19)), ISNUMBER(SEARCH("Fri", R19)))), "▣", "") | V22: =IF(OR(ISNUMBER(SEARCH("Saturday", O19)), ISNUMBER(SEARCH("week", O19)), AND(ISNUMBER(SEARCH("custom", O19)), ISNUMBER(SEARCH("Sat", R19)))), "▣", "") -> ▣ | W22: =IF(OR(ISNUMBER(SEARCH("Sunday", O19)), ISNUMBER(SEARCH("week", O19)), AND(ISNUMBER(SEARCH("custom", O19)), ISNUMBER(SEARCH("Sun", R19)))), "▣", "") | AA22: PLANNED | AC22: =IF(OR(ISNUMBER(SEARCH("Monday", AA19)), ISNUMBER(SEARCH("week", AA19)), AND(ISNUMBER(SEARCH("custom", AA19)), ISNUMBER(SEARCH("Mon", AD19)))), "▣", "") | AD22: =IF(OR(ISNUMBER(SEARCH("Tuesday", AA19)), ISNUMBER(SEARCH("week", AA19)), AND(ISNUMBER(SEARCH("custom", AA19)), ISNUMBER(SEARCH("Tue", AD19)))), "▣", "") | AE22: =IF(OR(ISNUMBER(SEARCH("Wednesday", AA19)), ISNUMBER(SEARCH("week", AA19)), AND(ISNUMBER(SEARCH("custom", AA19)), ISNUMBER(SEARCH("Wed", AD19)))), "▣", "") -> ▣ | AF22: =IF(OR(ISNUMBER(SEARCH("Thursday", AA19)), ISNUMBER(SEARCH("week", AA19)), AND(ISNUMBER(SEARCH("custom", AA19)), ISNUMBER(SEARCH("Thu", AD19)))), "▣", "") | AG22: =IF(OR(ISNUMBER(SEARCH("Friday", AA19)), ISNUMBER(SEARCH("week", AA19)), AND(ISNUMBER(SEARCH("custom", AA19)), ISNUMBER(SEARCH("Fri", AD19)))), "▣", "") | AH22: =IF(OR(ISNUMBER(SEARCH("Saturday", AA19)), ISNUMBER(SEARCH("week", AA19)), AND(ISNUMBER(SEARCH("custom", AA19)), ISNUMBER(SEARCH("Sat", AD19)))), "▣", "") | AI22: =IF(OR(ISNUMBER(SEARCH("Sunday", AA19)), ISNUMBER(SEARCH("week", AA19)), AND(ISNUMBER(SEARCH("custom", AA19)), ISNUMBER(SEARCH("Sun", AD19)))), "▣", "")
C23: COMPLETED | E23: X | O23: COMPLETED | AA23: COMPLETED
C25: =IF(OFFSET(E22,0,'Helper Data'!$B$2-1)="▣", IF(OFFSET(E23,0,'Helper Data'!$B$2-1)="X","✅ Completed Today","❎ Not completed today"), "⚫ Not Assigned Today") -> ✅ Completed Today | H25: =J20&" out of "&K20 -> 1 out of 1 | O25: =IF(OFFSET(Q22,0,'Helper Data'!$B$2-1)="▣", IF(OFFSET(Q23,0,'Helper Data'!$B$2-1)="X","✅ Completed Today","❎ Not completed today"), "⚫ Not Assigned Today") -> ⚫ Not Assigned Today | T25: =V20&" out of "&W20 -> 0 out of 3 | AA25: =IF(OFFSET(AC22,0,'Helper Data'!$B$2-1)="▣", IF(OFFSET(AC23,0,'Helper Data'!$B$2-1)="X","✅ Completed Today","❎ Not completed today"), "⚫ Not Assigned Today") -> ⚫ Not Assigned Today | AF25: =AH20&" out of "&AI20 -> 0 out of 1
C29: 🍽️ | D29: LUNCH WITH DEBORAH | O29: 🌳 | P29: GARDENING | AA29: 📖 | AB29: READ BOOKS
C31: Only Thursday | O31: Complete Week | R31: Mon, Tue, Wed | AA31: Only Tuesday
J32: =COUNTIF(E35:K35,"X") -> 0 | K32: =COUNTIF(E34:K34,"▣") -> 1 | V32: =COUNTIF(Q35:W35,"X") -> 2 | W32: =COUNTIF(Q34:W34,"▣") -> 7 | AH32: =COUNTIF(AC35:AI35,"X") -> 0 | AI32: =COUNTIF(AC34:AI34,"▣") -> 1
E33: M | F33: T | G33: W | H33: T | I33: F | J33: S | K33: S | Q33: M | R33: T | S33: W | T33: T | U33: F | V33: S | W33: S | AC33: M | AD33: T | AE33: W | AF33: T | AG33: F | AH33: S | AI33: S
C34: PLANNED | E34: =IF(OR(ISNUMBER(SEARCH("Monday", C31)), ISNUMBER(SEARCH("week", C31)), AND(ISNUMBER(SEARCH("custom", C31)), ISNUMBER(SEARCH("Mon", F31)))), "▣", "") | F34: =IF(OR(ISNUMBER(SEARCH("Tuesday", C31)), ISNUMBER(SEARCH("week", C31)), AND(ISNUMBER(SEARCH("custom", C31)), ISNUMBER(SEARCH("Tue", F31)))), "▣", "") | G34: =IF(OR(ISNUMBER(SEARCH("Wednesday", C31)), ISNUMBER(SEARCH("week", C31)), AND(ISNUMBER(SEARCH("custom", C31)), ISNUMBER(SEARCH("Wed", F31)))), "▣", "") | H34: =IF(OR(ISNUMBER(SEARCH("Thursday", C31)), ISNUMBER(SEARCH("week", C31)), AND(ISNUMBER(SEARCH("custom", C31)), ISNUMBER(SEARCH("Thu", F31)))), "▣", "") -> ▣ | I34: =IF(OR(ISNUMBER(SEARCH("Friday", C31)), ISNUMBER(SEARCH("week", C31)), AND(ISNUMBER(SEARCH("custom", C31)), ISNUMBER(SEARCH("Fri", F31)))), "▣", "") | J34: =IF(OR(ISNUMBER(SEARCH("Saturday", C31)), ISNUMBER(SEARCH("week", C31)), AND(ISNUMBER(SEARCH("custom", C31)), ISNUMBER(SEARCH("Sat", F31)))), "▣", "") | K34: =IF(OR(ISNUMBER(SEARCH("Sunday", C31)), ISNUMBER(SEARCH("week", C31)), AND(ISNUMBER(SEARCH("custom", C31)), ISNUMBER(SEARCH("Sun", F31)))), "▣", "") | O34: PLANNED | Q34: =IF(OR(ISNUMBER(SEARCH("Monday", O31)), ISNUMBER(SEARCH("week", O31)), AND(ISNUMBER(SEARCH("custom", O31)), ISNUMBER(SEARCH("Mon", R31)))), "▣", "") -> ▣ | R34: =IF(OR(ISNUMBER(SEARCH("Tuesday", O31)), ISNUMBER(SEARCH("week", O31)), AND(ISNUMBER(SEARCH("custom", O31)), ISNUMBER(SEARCH("Tue", R31)))), "▣", "") -> ▣ | S34: =IF(OR(ISNUMBER(SEARCH("Wednesday", O31)), ISNUMBER(SEARCH("week", O31)), AND(ISNUMBER(SEARCH("custom", O31)), ISNUMBER(SEARCH("Wed", R31)))), "▣", "") -> ▣ | T34: =IF(OR(ISNUMBER(SEARCH("Thursday", O31)), ISNUMBER(SEARCH("week", O31)), AND(ISNUMBER(SEARCH("custom", O31)), ISNUMBER(SEARCH("Thu", R31)))), "▣", "") -> ▣ | U34: =IF(OR(ISNUMBER(SEARCH("Friday", O31)), ISNUMBER(SEARCH("week", O31)), AND(ISNUMBER(SEARCH("custom", O31)), ISNUMBER(SEARCH("Fri", R31)))), "▣", "") -> ▣ | V34: =IF(OR(ISNUMBER(SEARCH("Saturday", O31)), ISNUMBER(SEARCH("week", O31)), AND(ISNUMBER(SEARCH("custom", O31)), ISNUMBER(SEARCH("Sat", R31)))), "▣", "") -> ▣ | W34: =IF(OR(ISNUMBER(SEARCH("Sunday", O31)), ISNUMBER(SEARCH("week", O31)), AND(ISNUMBER(SEARCH("custom", O31)), ISNUMBER(SEARCH("Sun", R31)))), "▣", "") -> ▣ | AA34: PLANNED | AC34: =IF(OR(ISNUMBER(SEARCH("Monday", AA31)), ISNUMBER(SEARCH("week", AA31)), AND(ISNUMBER(SEARCH("custom", AA31)), ISNUMBER(SEARCH("Mon", AD31)))), "▣", "") | AD34: =IF(OR(ISNUMBER(SEARCH("Tuesday", AA31)), ISNUMBER(SEARCH("week", AA31)), AND(ISNUMBER(SEARCH("custom", AA31)), ISNUMBER(SEARCH("Tue", AD31)))), "▣", "") -> ▣ | AE34: =IF(OR(ISNUMBER(SEARCH("Wednesday", AA31)), ISNUMBER(SEARCH("week", AA31)), AND(ISNUMBER(SEARCH("custom", AA31)), ISNUMBER(SEARCH("Wed", AD31)))), "▣", "") | AF34: =IF(OR(ISNUMBER(SEARCH("Thursday", AA31)), ISNUMBER(SEARCH("week", AA31)), AND(ISNUMBER(SEARCH("custom", AA31)), ISNUMBER(SEARCH("Thu", AD31)))), "▣", "") | AG34: =IF(OR(ISNUMBER(SEARCH("Friday", AA31)), ISNUMBER(SEARCH("week", AA31)), AND(ISNUMBER(SEARCH("custom", AA31)), ISNUMBER(SEARCH("Fri", AD31)))), "▣", "") | AH34: =IF(OR(ISNUMBER(SEARCH("Saturday", AA31)), ISNUMBER(SEARCH("week", AA31)), AND(ISNUMBER(SEARCH("custom", AA31)), ISNUMBER(SEARCH("Sat", AD31)))), "▣", "") | AI34: =IF(OR(ISNUMBER(SEARCH("Sunday", AA31)), ISNUMBER(SEARCH("week", AA31)), AND(ISNUMBER(SEARCH("custom", AA31)), ISNUMBER(SEARCH("Sun", AD31)))), "▣", "")
C35: COMPLETED | O35: COMPLETED | Q35: X | R35: X | AA35: COMPLETED
C37: =IF(OFFSET(E34,0,'Helper Data'!$B$2-1)="▣", IF(OFFSET(E35,0,'Helper Data'!$B$2-1)="X","✅ Completed Today","❎ Not completed today"), "⚫ Not Assigned Today") -> ⚫ Not Assigned Today | H37: =J32&" out of "&K32 -> 0 out of 1 | O37: =IF(OFFSET(Q34,0,'Helper Data'!$B$2-1)="▣", IF(OFFSET(Q35,0,'Helper Data'!$B$2-1)="X","✅ Completed Today","❎ Not completed today"), "⚫ Not Assigned Today") -> ✅ Completed Today | T37: =V32&" out of "&W32 -> 2 out of 7 | AA37: =IF(OFFSET(AC34,0,'Helper Data'!$B$2-1)="▣", IF(OFFSET(AC35,0,'Helper Data'!$B$2-1)="X","✅ Completed Today","❎ Not completed today"), "⚫ Not Assigned Today") -> ⚫ Not Assigned Today | AF37: =AH32&" out of "&AI32 -> 0 out of 1

Sheet Helper Data
A1: TODAY: | B1: DAY No: | C1: CURRENT WEEK:
A2: =TEXT(A3, "dddd") -> Monday | B2: =WEEKDAY(A3, 2) -> 1 | C2: =WEEKNUM(A3, 2) -> 4
A3: =TODAY() -> 46041 | C3: =A3 - WEEKDAY(A3, 2) + 1 -> 46041 | D3: =TEXT(C3,"mmmm dd") -> January 19
C4: =A3 + 7 - WEEKDAY(A3, 2) -> 46047 | D4: =TEXT(C4,"mmmm dd") -> January 25

Sheet ©
B6: © TemplateLab.com
